id, owner, vaultDebt, vaultCollateral 
0, 0x679016B3F8E98673f85c6F72567f22b58Aa15A54, 0, 1.1791202388214415
1, 0xe00EaA2787a8830A485153b7Bf508Bc781E4A220, 0, 0
2, 0x51ACddb3C4c37A5f9239D92EddD8eA0a59515DDd, 0, 0.05965069483973973
3, 0xAd95A5fE898679B927C266eB2eDfAbC7fe268C27, 0, 0
4, 0xa1a7Ae2f202C5762f3C4ee2FeD99E3f42c6F1f1F, 69, 0.1334251012667768
5, 0x39c78cE4fBd59722f48A3271fE11F9AC5F933Ba0, 58500.00031299239, 71.57886311767429
6, 0xF4f19e0896ed2F275945514b93c9115d5d2630A5, 45000, 61.36451662322721
7, 0x9BE43Ec7472E708858D4b8711F54B238bf0ac789, 11500.000000000002, 15.332500524965935
8, 0xE32650e748e7E4aba16181D9882D15ba328d5a78, 5000, 7.062055927055861
9, 0x5B4eC638a242f5ea51f27C1DBf1898808d1BC9Ea, 0, 0.07648995384748182
10, 0xF17ac82CB2c92853100f150591973857B1b48D7F, 0, 0
11, 0x8A8606817b360f6c26246A8b1F081a5050174cD5, 33171.29362558795, 42.33383783883645
12, 0x324DEe9B7bb1294C6FCf71F0841a1e5aeFD19520, 0, 0
13, 0x494b509a7B4Acf473B2e46dcB238224BfE183865, 0, 0
14, 0xF5AF311f19EA4973A8Bc1A28E3b222bDc41c3121, 0, 0
15, 0x49a5492FDFe5AcC966dD5f41310dfDfe8dAA349C, 100, 0.2873679974210325
16, 0x09473c1cF0600ed610bB71F6AC4C9518be4dC8f9, 647.2474469293246, 1.1493936831350606
17, 0x4105540937ab9e6A2F65838617C41D12AE88cFF7, 0, 0
18, 0x22189Bf3a34ca76F1707149493938A4583aA897f, 3500, 4.00581418441957
19, 0x657aef2a21A6716512d375915Bd205D63D6b5D15, 0, 0
20, 0x15Ee3B2F09b83Aaf65E3E2550B96c46826335004, 0, 0
21, 0x15Ee3B2F09b83Aaf65E3E2550B96c46826335004, 0, 0
22, 0xCdD402E52AC33A54f60415C38CaD2Db6DEBe01a5, 2001.9891897707691, 2.7645691134134243
23, 0xCdD402E52AC33A54f60415C38CaD2Db6DEBe01a5, 805.1265997338319, 1.0836952711383043
24, 0x2bDAB32Fc7285EA127cd72046D7A0f9C5bF0dcBC, 49999.99975085491, 55.30478262901068
25, 0xCdD402E52AC33A54f60415C38CaD2Db6DEBe01a5, 316.9055551817134, 0.43645117440780185
26, 0xCdD402E52AC33A54f60415C38CaD2Db6DEBe01a5, 124.16533807532302, 0.17215308668697324
27, 0x4a7841596d8f8b4c5db9757455b41CFB11BE0750, 1650.0004209885174, 2.538911079950257
28, 0xF0773108b4EbD43513c0e82e1ECC26EfEdd937F1, 0, 0
29, 0xF0773108b4EbD43513c0e82e1ECC26EfEdd937F1, 0, 0
30, 0xBC2A0913B30283C2c680Cfc332C8D85399228E23, 246696.08980270653, 373.0216080190799
31, 0xc9D8679818D2d27d236c2A9a7704cc11C6E83DA4, 180, 0.8097854788044591
32, 0x851322D2Cb6629958901dE549fE333A230759CA9, 0, 0
33, 0x1B3F7964929Dae299F194D46B7386b0dF8F10DB3, 0, 0
34, 0x1B3F7964929Dae299F194D46B7386b0dF8F10DB3, 0, 0
35, 0xD3425091b74bd097f6d8f194D30229140F814F14, 344.8689850229734, 0.5116792097926439
36, 0x4776FD2e8340D5bc7AEfE197d83A6Af2d258E8A6, 0, 0
37, 0x4776FD2e8340D5bc7AEfE197d83A6Af2d258E8A6, 0, 0
38, 0x4776FD2e8340D5bc7AEfE197d83A6Af2d258E8A6, 0, 0
39, 0xC4a70149330858Cd0F085E4cd81c10745c9130B1, 8400, 12.995548424135697
40, 0x650C0Ed459d82335AfdaD70794b9a61b7795AA6A, 6528.146057301114, 8
41, 0x7d2D6D315B3e286017D9A7EE2EC58a9d07E07847, 4500, 7.0071906418507055
42, 0x69344717556C64DC49A2Ba36267A04efAcF34d27, 335.9201174010048, 0.43689701119351615
43, 0x15Ee3B2F09b83Aaf65E3E2550B96c46826335004, 0, 0
44, 0xfcd58CFFFFbdE2Db16F9cFFC0ca653f3310318E1, 49999.99999999999, 88.53430445917219
45, 0x83a76D3D563A57B3Ee7689232C3789e64BA71772, 45, 0.07232028064969079
46, 0x8Bcf10D5bD8a0FF835221dD2a9C794B435c52813, 5997.339676580985, 12.682216147195103
47, 0x58B40f3aa522c35eB1770a5485a51Ef4b9c72C0c, 500, 0.7087312224442276
48, 0xdb9d281C3D29bAa9587f5dAC99DD982156913913, 1774999.9999999998, 3543.9984761175992
49, 0x648a4F387547B11D1bB01B6642001A213f5a79F6, 11000.793120722958, 23.271469210340182
50, 0x3c214E0F00aFe1068e1AAa3A664D0b91Ac063915, 1352.2572362017247, 2.7080671354544963
51, 0xE395f0243Ae29C41C865971D9e5603c16c0065b4, 0, 0
52, 0x245c2a4a71cc20E4cf48eE0c553759c2d5De9599, 1567.171829359442, 2.2541356370645045
53, 0x4fE8B243D5A4D478CF0563113013ABE3dd36400B, 54681.53030649819, 69.93279384152943
54, 0x7a57fA6B29796c4F329171FbC771FD941aD434A1, 800, 1.1894964643004868
55, 0xc2d5904602e2d76D3D04EC28A5A1c52E136C4475, 1615.9374144325477, 3.727831151605241
56, 0xDeE45f774FA311199c5900e7C99A609E27EdCd4E, 0, 0
57, 0x9eF0EC7d2CDbB66bCfbD2D5BD41229bF71D69444, 0, 0
58, 0xc71ae2D354Ab164D5086010A396287Ee370EfaB2, 70, 0.13564712281630936
59, 0x9A37C9Dc1c8498f94a31b033b8D55a52B8931B76, 0, 0
60, 0x6302c2905ab8217dd44489950d9837A345414EFA, 1626.402967640183, 2.2761974155447597
61, 0xA93093fc1D0343298966E1F971fAE10a7a629296, 0, 0
62, 0x9FBb1Fb5a741EB9A7cA45f31FaC29D7379907E86, 0, 0
63, 0x5D8609A0b590DD0F0C8Ede679107E4b0a69e8a20, 0, 0
64, 0x3B9Aa68e59FDc640546f2b9A268e228f7E16D835, 0, 0
65, 0xbba2379F5cc9A2f248C5Cf18aD72379AE2478F42, 0, 0
66, 0xFAB2ef22dd7c1DEd1bd9Aa8E6082Adad876Dfa7E, 0, 0.009416488567842104
67, 0x0cA6CAdb6a8cA4199788b9a060C3285Fe7B897Fd, 0, 0
68, 0xcF04f3CB862cd00CdAaaeD3738977A4AF84688fB, 30000.400431939805, 45.47033463573204
69, 0xf3e98aDd79199BfB57322D8802D841f5c5f2fBC0, 759.5900828968246, 1.368187952919829
71, 0x53e213da8C28d85dc6663c3b5e35Bb0ffBb05752, 2500, 3.3282170060399996
72, 0x9Da7AD984749c630796251E160B9EED0F35aDfFA, 0, 0
73, 0xc5dA52454d1044DA01a0f10fDbdf96A2d6aEB1CA, 1983.4537192645896, 2.5075111531372594
74, 0xc5dA52454d1044DA01a0f10fDbdf96A2d6aEB1CA, 0, 0
75, 0xfC6dE95C9b05e88fC1C645cD5f567E789Dcfb614, 0, 0
76, 0x7E6D2EE06d242576eE6fcf3BdcDBECceF93852A1, 600, 1.08
77, 0x3cA99a967825891e2Ae4F5F05367AD7fA83f22a9, 1081.4721818302078, 1.7834997384841484
78, 0x8Fa2A5BAfA13E4004b6676bC6842687B208F34C5, 120, 0.18546128739957493
79, 0x282fa2F87Be3B9eabE67F3E3366618883e3BECbC, 0, 0
80, 0x0a3043F9d2b1c6cCfc492EB59Af5156F378c57BD, 43500, 50
81, 0x71Eaef1bF66045E9dE366088332A3BF95001B9F9, 43200, 52.47001615294279
82, 0xb1028c2d61337589e515d6BdB949ed97935518b2, 46805.561839734444, 53
83, 0x21FBAe57aF1025f0665CE9782396C8205D60F211, 0, 0
84, 0x8A5d69261DF9E469EaF559225d19179a733a645c, 0, 0
85, 0xA39bA2CD8658D0B69bA1880dcfBB65216ab33056, 7190.2013558693525, 8.842287994831965
86, 0xab59925Ff1dc46f6e297c84AA33216E017A0fA36, 1802.918038140227, 2.070699905802795
87, 0x8a146531630850fE1d158c922bDA620BDDF12766, 1682.2409617195497, 2.631069190161326
88, 0x9aA925ac991311Cf5b43BD659E57Ac8117916324, 143.4429621517198, 0.2544935307628109
89, 0x6A927143f45b2385C778a0fA0C23AC07E4Da1cee, 1000, 1.1834969186961746
90, 0xEB70317f4393c480b5a981E2e7a3E98B1DF60567, 697.2082239474718, 1.398267251358144
91, 0x4742B30f35035c666C5cbA2E8670052B179e0404, 292.5, 0.5588048378954777
92, 0xce0ed27a22F5f34F110285C655D080B397a23BDc, 730, 1.3104068501093031
93, 0xe4FB44562BF4c7fc0CA8EC0b15b561E799EAF0C6, 1000, 1.808726986574491
94, 0x72414F427474CBfB4416440CA84f24828d69F99C, 2000, 4.43084117492891
95, 0xf4A2f32BefE6eBE65bc2696969cD1C1A34E0f92C, 51023.058386506644, 181.83843257911636
96, 0xA75c7b8Ca1FB70A0D494254A37be8aEF86919aE4, 0, 0.49176878794578294
97, 0x6d96f02af1b8701E831A05AB273B75C6E2F02D1d, 500, 0.8024327322795564
98, 0x0dd7FE601593947f54d084F1Fd2892064044E6D8, 6606.6410093314935, 7.649422755077897
99, 0x0dd7FE601593947f54d084F1Fd2892064044E6D8, 0, 0
100, 0x6Ad853CD2725B905e68a71Eb280358272Ca09031, 0, 0
101, 0x9c1E062720f5eF26Bd7814B6f67c9Dca61321fC9, 0, 0
102, 0x5b356d59ea36eF660173970aa97f76213BA46260, 0, 0
103, 0x160F1AB6e10E231Cc89BA023006eabf20ffAdD68, 0, 0
104, 0x60fbA3B1d069E1317D2B4B718739e280FBAd9896, 2195.9394138054504, 3.675433671402853
105, 0x2006453e0C050649Ff9A889f8F210585D98379FE, 1069.8316818922247, 4.377360050549227
106, 0x4834a00DC7e4e039Ed27DDCe0e257234171416FA, 6704.272828721977, 9.906651486395097
107, 0x18829e507e072aF3697eD1A33a6d8D53a86f11a9, 35719.65774327549, 69.69263374497942
108, 0x9824697F7c12CAbAda9b57842060931c48dEA969, 99999.99999999999, 169.0103979242082
109, 0xF07FcF8EBecAE2cc001607Ea542c36a4F3da68BC, 26000, 31.49916155084897
110, 0xf98f8c1D75b23982ACeD2EA2ACA781d75f946B1D, 500, 0.7380647744160858
111, 0xAC82362174A32fBBAd61Efcb0f02b9016B20C768, 3335.0000000000005, 3.8019666750017436
112, 0x655301eB3992fA35fF6fec91567240310a9756A6, 6357.594921214146, 12.708214384320351
113, 0x33F96725E77809A0134A828Ea67CAf14e8B4A9E6, 21955.847111047053, 38.670640510906075
114, 0x97B342386B4291d22F5BF573715BDC23D38B173F, 0, 0
115, 0x97B342386B4291d22F5BF573715BDC23D38B173F, 10000, 27.404560770176587
116, 0x97B342386B4291d22F5BF573715BDC23D38B173F, 0, 0
117, 0x09Fa38EBa245bb68354B8950FA2fe71f02863393, 300, 0.5449572620700409
118, 0x97B342386B4291d22F5BF573715BDC23D38B173F, 0, 0
119, 0xE3D69bCab5dAAea39787eEaf4c0369de366d71BD, 2440, 51.13072054304367
120, 0xcC5c9De5D6463878Ccd8ae3AFCE6a6bEa58156EC, 74.77679108177055, 0.11354266083479903
121, 0xB686fB874b85D9e84026244a9AcD28896BFbB84c, 0, 8.771858154e-9
122, 0xEbc8E02199c017deB5bE8875d7C4a38f33F15Dc1, 0, 0
123, 0x9A43E2d3f7D28f0BB8A6B5952dC563AB51B8cb55, 1600, 2.113837866613949
124, 0xbCe50bEBbC3F846Ac17Dfc722F790f56FCf2EdEd, 0, 0
125, 0x0Ba99D975e0d95222361dEF60083Fa8f522A1541, 499.66528132745384, 0.7885870886230747
126, 0xd2A690ACc2bE2385b23785E5cEB0670bA7abd4c1, 0, 0
127, 0x592e1E16016C25651513591B7eBed5ca803ad39e, 0, 0
128, 0x592e1E16016C25651513591B7eBed5ca803ad39e, 3500, 6.993806782040587
129, 0x8d309dE16A745C15FfA00A46dA4EB3E044c54d63, 1000000, 1530.752467961836
130, 0x07759bFB542723b5a89c5A927720bb8c299cd206, 38.76172402281106, 0.06886044846385464
131, 0x17E55DEB480e04B10C60eDB13a2580C8f0db1428, 0, 0
132, 0xf38574926d08797F315AF08Bed7b619532CE92BA, 60, 0.13928342330388008
133, 0x62718e971Dd5267c309a813A276A465C3132590d, 0, 0
134, 0xa6f4FB960Edb9b65C0fee56f8bc5B97946d57140, 0, 0
135, 0x2b72051F378Bff38c63C286f4B5031a238C132cb, 0, 0
136, 0x46828069133fAd0d8925E3CB2f9118597703EF13, 137, 0.19056686055292468
137, 0x48b4877723187D692b8a496760BCF80CE5a7FAdC, 0, 0
138, 0xF0313587C6AfF369B83d3449cF0F22b05506d991, 0, 3.73397e-13
139, 0x289Ae0A09f4DF375f54EC553424FaA9f2b76DeE5, 388.08, 0.8609351302186867
140, 0xd21cA810372d54d5ae63F3fB0fd1B9B036826d75, 804, 1.1742621429575335
141, 0x665BAAE61e110d950c5574E4fFd91a6D2893AF91, 0, 0
142, 0x665BAAE61e110d950c5574E4fFd91a6D2893AF91, 7.83, 0.01088862305928972
143, 0xF5E7bca45f6881028BbA8DcA7C5254cF36ec0F65, 0, 0
144, 0x0B1Cd3a79016c4EaDBBBE96f0D184a9Db6E852c7, 32, 0.04559117421249951
145, 0x98E70e600E3d69E152cBD73eA13c4C063f1c7757, 0, 0
146, 0xb4c01692548Fe2BAE391C90e6888e56ed5c920c2, 334.71046361839024, 0.5645239640798759
147, 0xc48309334a5Ae8A595Ef745B5596Eb3a6A8bDBEA, 174.21818803893066, 0.3239525207923921
148, 0x78bfA2a0241804733c58091d431b5a840D9D6F73, 0, 0
149, 0x46828069133fAd0d8925E3CB2f9118597703EF13, 0, 0
150, 0xc03876Ddf9fBDc47AE66Bc4c7A639f0D78d90904, 4963.955620061009, 6.215175081974956
151, 0x90075d5d06A279D47d4Ec08d1f81C3c843256415, 208.63730010402472, 0.39869960439494206
152, 0x6c052a18D2C2d3f585d915A2E84F577bCfcb46a7, 1262.9760840253261, 3.5947631354923817
153, 0x462E5fb06AC9C3A0113F8aE079B06cC8661deD6B, 0, 0
154, 0xEae9FED78B7e616b8A9802ab50a4467fC9570341, 935, 1.9296781043050037
155, 0xEae9FED78B7e616b8A9802ab50a4467fC9570341, 0, 0
156, 0x891bC2428c09BDdF096493F5210585aD26D0533D, 0, 0
157, 0x3CC064963949BD348437a25B7AE799e47B8c7F07, 0, 1.65914044015e-7
158, 0xB08A8a12E9B08FB299A1653B40375F6eC3EF53b8, 80000, 367.01100896972827
159, 0xeB7dFf2aeFa350c2B96509053f3376bC1e4Eb887, 0, 0
160, 0xeB7dFf2aeFa350c2B96509053f3376bC1e4Eb887, 896.7975176673807, 1.4691127138549147
161, 0x0d23B6aC4e64dd1324C5E18A1aea993eF6CC885A, 37, 0.07545841411778266
162, 0x0d23B6aC4e64dd1324C5E18A1aea993eF6CC885A, 0, 0
163, 0x6c82392d5205055D1b878692A11994ce8887c483, 0, 0
164, 0x0f740Cf9cDD7Ef88caa4a69796c9713b992ecc8A, 1050, 1.7086584735216686
165, 0x8AA0AA4b71b1Beb4FaFae7FC601B9e092eDaf456, 0, 0
166, 0x5330D616c96118E6fc5290475B8eA377CfFB66B4, 56.4, 0.08330592146127372
167, 0x57Fbf388a5EBe5c52B6DBC996c84e525A67fa104, 1820, 2.575380272156468
168, 0xaAAC333b4CEa048aF99F6C63F868799B2a58e1bA, 20, 0.041556837907205
169, 0x62DA14Cd86406e96c331668919B6819A81871913, 0, 0
170, 0x62DA14Cd86406e96c331668919B6819A81871913, 0, 0
171, 0xc8728Ae130381EB77Fc9a8b715564B00e83E19Df, 9607.620077594655, 19.869303455056613
172, 0xCA369FF30b95b58C581Df4CCF5fd555b947e2017, 0, 0
173, 0xA0CF1f745B73fd57B6Ae563a81C7a674036905d3, 0, 0
174, 0x28b931Db129d9b79550A3Dc1b9147a03217E5ed6, 0.00039489404577, 0.000009163504874674
175, 0x643581d56424B4e9D5467fE138AA5206CF660BcA, 171.444, 0.29542335898347566
176, 0x9B88ce07bd6C3D83126b12567c028040E8F74402, 69.97, 0.11307589871806505
177, 0x91E0A8b5C16E80beeb4E41f8E5b218871d46B567, 520.7322542432512, 0.8
178, 0xa768b6A093198Aab126F199AE9bcb234DDB62326, 0, 5e-18
179, 0xA9451881ddD397192704AB7911a9f76996f3C3e1, 0, 1.2377996499e-8
180, 0xd2A690ACc2bE2385b23785E5cEB0670bA7abd4c1, 0, 0
181, 0xd2A690ACc2bE2385b23785E5cEB0670bA7abd4c1, 0, 0
182, 0x3B7b20e8312C0F104A5615c968B530327aB727f8, 0, 0
183, 0xceA3b38BA474A92202611547615b749212f50967, 0, 0
184, 0xAE1692D8D045716c948B707550e91DBd2C55169A, 0, 0
185, 0x9221005300bBc55FAdf95ab83EA6e8c19e1D340F, 0, 0
186, 0x9703F3922CC2EcA1173853c14B9B5A02496205de, 0, 0
187, 0x4bf1C916aF61e931D638151C45dEBC90aAf1B2a3, 586.0409531384762, 1.1325073361310576
188, 0xab104EEA31E033f2359A43cB32901Dd6D18D105F, 155.55817127965008, 0.33388872319996077
189, 0xab104EEA31E033f2359A43cB32901Dd6D18D105F, 0, 0
190, 0xebbB837A88E63bAF012a8Df8ffaA8e97b4603364, 285, 0.3396114648879144
191, 0xd34bc82B9092f5334056daC1aF8cd5d32aBc6802, 71.4818816664229, 0.09654516652273984
192, 0x6bF8dF9C7796cf205BE35547083E673511eD1EcB, 135, 0.2207802290115845
193, 0xa9221d1Ca3914c04b497A28E36Fe29Be7D4D1350, 0, 0
194, 0x5F5FE043Fdad2526c099f265c8EFD1BAF245b090, 686.884816157289, 0.9765546332174397
195, 0x8e14bb82B895bf8939C2ADDB34aDDA67A94f68f7, 0, 0
196, 0x6D44a706E42f5Ba9a213726e79b0c99e4117666A, 1000, 1.2118096130596832
197, 0x2BF9c56574c3e97dcCAD154C11Dac6bCEd26c085, 156.79130591268202, 0.21087804030247506
198, 0xD7B5D4C086003EE53C82990bC87b306133a6A0a3, 0, 2.6140405471322827
199, 0x4eb1F2FCbBb534696e1f7F6082b6AD549e0281B5, 0, 0
200, 0x4eb1F2FCbBb534696e1f7F6082b6AD549e0281B5, 0, 0
201, 0xaeb019B2C1F311CDbfEC3934c929406A3a71B396, 1072.2237980618556, 1.507557188526088
202, 0x4eb1F2FCbBb534696e1f7F6082b6AD549e0281B5, 0, 0
203, 0x4f320294ab8cC25476D44696A23d4B2ca124364E, 5000, 10.380638640517132
204, 0xb7a0cf71A375Fe7a2152EA36a700499Dbd993867, 1572.855171985533, 1.8377290294301813
205, 0xC00a6614B8030cE216302016e11C6B4140B5e499, 1500, 3.65
206, 0xa3F4F98AF76690FA0F94dCFf8275AC5D7b3bD6A9, 452, 0.8116311848971138
207, 0x2b95890732184B1017cF61cd92B0e42CB8b3CA17, 160, 0.24862683313126305
208, 0x8EC41Bf72b3cd07cecFc75a9C6c5337B17A015fE, 167.6499238946399, 0.25286294511455787
209, 0x717a2e4484aC574934742E7F1bBD62530E0d1543, 88, 0.1687403928919072
210, 0xc3B4797977C919DF731F3336D211D791802a9207, 140.74520963191608, 0.22888854867746042
211, 0xc3B4797977C919DF731F3336D211D791802a9207, 0, 0
212, 0xFdBa381ad137849cEC8C378f51Cb44eAf9c3f237, 432.73514785921077, 0.8465355249762371
213, 0xFdBa381ad137849cEC8C378f51Cb44eAf9c3f237, 0, 0
214, 0x5bC308B7e1a16D157cA1B2c7BFFE38f181fdE75F, 700, 1.1009153371038927
215, 0x5bC308B7e1a16D157cA1B2c7BFFE38f181fdE75F, 0, 0
216, 0xFAB2ef22dd7c1DEd1bd9Aa8E6082Adad876Dfa7E, 0, 0
217, 0x3b07c17d2661e4a4D46322b773B3E3ccc90f15eE, 0, 0
218, 0x3b07c17d2661e4a4D46322b773B3E3ccc90f15eE, 0, 0
219, 0xe7fCddd3aD9177f8Ad48A888e171284BF925C079, 3742.766836418277, 5.398479176213477
220, 0x9AD6fF32da651EC180c6AEab2101049c6f2C9C77, 130, 0.20849650498491834
221, 0x6C1c23aa8C842FF208393647503cFD8B11a6Ca40, 49.1967, 0.07609796055992807
222, 0x031010BE201ecA7cB5c4a6726b8a6A2d1895b26F, 1087.4412616432, 1.7
223, 0x031010BE201ecA7cB5c4a6726b8a6A2d1895b26F, 0, 0
224, 0x1353FfCc5f325688920Daa37f32697b70fC0b276, 156.2845110777551, 0.2364144678173822
225, 0x1353FfCc5f325688920Daa37f32697b70fC0b276, 0, 0
226, 0xB21731D830b7e8460E5D6c66Dc1CcC0A5D0A6B87, 1726, 3.1383755906199164
227, 0x5bD6e9DFFe52086fE544824710D8A33a424758EE, 7000, 10.601587086606296
228, 0x8559c75486a1762894CCb0d7312D490299161AAa, 595, 0.884568411446033
229, 0x7c55133C82Db1b9aBA3fa725730A5f60692868b6, 700, 1.0718344533584414
230, 0xa93DFC2B32715c5809fd14c347A8Cd123E74C2e7, 65000, 107.6521460504494
231, 0xbFaA9aC558411203b962e801BC6E1c070dfe09fA, 750, 1.6007519488532411
232, 0x9188284bCEc11E95635117D7Cac191AdFfB3b3C6, 0, 0
233, 0x231E6B09A4249C9DDE585d1D664BB95aDC3FC6ae, 10000, 23.5
234, 0xf08B067003c98B8aD7613C25207c69F9703b284d, 195, 0.29389104014284473
235, 0xf08B067003c98B8aD7613C25207c69F9703b284d, 0, 0
236, 0xB514Ad9E75aFEb9C22775371de3CBBcfAB4A52aF, 350, 0.5263614285749946
237, 0x2593038427c47B16b4F9Aa0997c2555EaBc26b39, 200, 0.30310079203471385
238, 0x2593038427c47B16b4F9Aa0997c2555EaBc26b39, 0, 0
239, 0x4f9533C746fEeC11625EAFa3Bc3Efd650254772E, 0, 0
240, 0xa669cddAc39fafABbD5938Dc1a3fc199218DD812, 317.5398756741294, 0.6219969989774656
241, 0xf50f2557f8B5A222FC44a9F84c93D68cFCc4B907, 1579.9615990546858, 1.682662037870033
242, 0x7EB5BeA1d58e9A06F87ee16BeF729Dfd416eaE15, 66.58986896559601, 0.07691576946515177
243, 0x6026200BcEaD2CDB3f93C7e86EFab9562D20835F, 0, 0
244, 0xfC6dE95C9b05e88fC1C645cD5f567E789Dcfb614, 0, 0
245, 0x738cDad7E7fa42C2B2401aDFa2E701eceE3f651B, 0, 1.5183393865e-8
246, 0xDF0b286FbE22106112123cdf820232b56DbE3841, 0, 7.2351e-14
247, 0x77f07Ab7B444C7C9FCfAfc76c053A810cD6203CB, 0, 0
248, 0xE8f4Db2D3476b3EE198CC1d32651cD9d082eFF89, 1223.1588785972035, 2.2030520138243674
249, 0xe99B70874dd7785E7D88b0A629AFe80AC1e19634, 100, 3.6516683212766363
250, 0x0474b7E51aBbb836a44B68Dc6382134BddCE6538, 0, 0
251, 0x24fC7A0751BBF53C239cC1D21d2951A5b21f733d, 600, 0.9596204188468498
252, 0x8aDA3D85342C3d17C768992A56d39aA733B5B38c, 0, 0
253, 0x4CA212597c104dD7D900B1b6eD7619aEB6724C38, 41.659988813567104, 0.10256537170739517
254, 0xcc57F439f946FE9Ad30B313E786D19a539F1f06a, 242.88170361913282, 0.45160030299505766
255, 0x4991b085c58CF04106d3F359DE46F4Cc6C1F9779, 0, 1.8400806599892776
256, 0x1c13EA3aA7f9Dd7Bb170fB5000C1756f947e0C4B, 0, 0
257, 0x9c6f529Ee306CEbb74Be8deC93a617726F0E689a, 0, 0.008413286329854766
258, 0xeCB240fedbAdb83a719A4d8b63466CCBC78F0d68, 0, 0
259, 0xBfF8251D55C996A0F96b0e5c00305b884ef1Ecec, 0, 0
260, 0xe3eE45096076BB2D12DfE7840Ce701E133D32113, 0, 0
261, 0x4d6845F60967C8E8d13D46C5c1324b089278C8E5, 0.0000694489385, 8.277663505e-8
262, 0x005f16f017aA933bb41965b52848cEb8ee48b171, 0, 0.16032432057412757
263, 0xf623146b3EE93BC86A626732fF177f8470ffE9cc, 400, 0.584622394498398
264, 0xf623146b3EE93BC86A626732fF177f8470ffE9cc, 0, 0
265, 0xC02D8085E98c99DF2Bc1efDF9B78178548C840EB, 0, 0
266, 0xd2A690ACc2bE2385b23785E5cEB0670bA7abd4c1, 0, 0
267, 0xbBeb274b9b8AB3AeA67E3C01cD9a368DedF8173D, 581.8686332109002, 0.8310545911308689
268, 0xbBeb274b9b8AB3AeA67E3C01cD9a368DedF8173D, 0, 0
269, 0xe9BE21Bf9CF7B5f290649b740F9e122C7291ebD1, 0, 0
270, 0xCC58324b43FcdF763F7b9caa627b3a5997dE39Dc, 700.2468545346902, 1.0908077510125733
271, 0xf1Cdeef23eD057c0f56Bbb922D67389611D6E55E, 67, 0.08647482813204908
272, 0xA1ffd7142D75ccece019898c0E9d2940e9EDF679, 0, 0
273, 0xBc25CBa0C84aC6a5747D487F7f2510f72CB9C4C5, 3250, 8.812036305631095
274, 0xF5AF311f19EA4973A8Bc1A28E3b222bDc41c3121, 0, 0
275, 0xb3F876c9972339a1405346B1a8a27204F0Bc154a, 1996.6645697681731, 4.109298877984812
276, 0x8905405E91A17Be2B06EAFD5cB702F2a48b27Dc4, 4100, 4.981363491233626
277, 0x168451CBa600CeDF0B815b6A917D4030B527c69D, 0, 0
278, 0xbb520B026199e1Cc7Ac447a6E351B7B1c91d46Bc, 0, 0
279, 0xbb520B026199e1Cc7Ac447a6E351B7B1c91d46Bc, 0, 0
280, 0x80D8D78F072F5C280B3512Be0d6d2F44B73387bB, 0, 0
281, 0x74c52e38fB622329f596e573a4878Bf616EAb280, 1100, 1.5161921468878603
282, 0x19A69E8511d3D52D6e58e0C6eD6eDEaDeFCB8d62, 199.71964113537658, 0.38401758215930404
283, 0x19A69E8511d3D52D6e58e0C6eD6eDEaDeFCB8d62, 0, 0
284, 0x9838aEcC4ECE90dcaFE43eD07C0DFf8521352Cd4, 0, 0
285, 0x63005fb96f8305deBA96bC1441B760A035312b9F, 0, 0
286, 0x8122E586A90aC0000BCa80952a23C1eB6F5B7Fef, 28.854807824126286, 0.056192744175584175
287, 0x8122E586A90aC0000BCa80952a23C1eB6F5B7Fef, 0, 0
288, 0x8672101A3271C1c8b8C8B34651774331eCAAc313, 3.5663245625324604, 0.06762770073742201
289, 0x34b087d4eF901D6A2691bBCa1522636a95649826, 0, 0
290, 0xAF5261C05871D84c902C2f5208AaaF47FfB75003, 0, 0
291, 0x2593038427c47B16b4F9Aa0997c2555EaBc26b39, 0, 0
292, 0xe4af312722242acc96502c9FFCc6E7ff8e29cC9e, 0, 0
293, 0x9fD3174FE380591837047CcC0BE7Ac24B1eA9772, 12499.999999999998, 17.560439728447935
294, 0x4B22FE43EF2C1B3A2Fc6A0B49C2e6d3A9FFbdCa7, 0, 0.19944182314994544
295, 0x62718e971Dd5267c309a813A276A465C3132590d, 0, 0
296, 0x060Ad357C1F777FB031E7404Ac26Ee88b5a704B5, 0, 0
297, 0x060Ad357C1F777FB031E7404Ac26Ee88b5a704B5, 0, 0
298, 0x055a889501a1d9eb1a175FfFbe7E5395092504FA, 0, 0
299, 0x055a889501a1d9eb1a175FfFbe7E5395092504FA, 0, 0
300, 0x5ed5c45BC09089F00b94d0632A84B17824fF114a, 1.4968355871979866, 0.002696050101510322
301, 0x5ed5c45BC09089F00b94d0632A84B17824fF114a, 0, 0
302, 0x6A4E81b4336ADA84F57891d654bbc50444260dcB, 200, 0.33915326021233394
303, 0x6A4E81b4336ADA84F57891d654bbc50444260dcB, 0, 0
304, 0xD1798438dD94C79B555B7af1449fcEDb7D2E5BdE, 72, 0.11966017742552401
305, 0x9b7A038d624a8E82E81FA2e8C7B6622Cf33A4edB, 640, 1.315081888101171
306, 0xC992F77b5eE2E87411A081F60C5b5caa69e58Cd0, 0, 0
307, 0x57E4BA47a9D2523bE8BC3685A670Fd68d90BCf66, 200, 0.44374405178253656
308, 0x57E4BA47a9D2523bE8BC3685A670Fd68d90BCf66, 0, 0
309, 0x9FBF300056e85B4B285e0b679D75A73805A5AE14, 0, 0
310, 0x9FBF300056e85B4B285e0b679D75A73805A5AE14, 0, 0
311, 0xC8d555a54C21D76222AfbC4603124881FB4A231f, 380, 0.8778577034067773
312, 0xC8d555a54C21D76222AfbC4603124881FB4A231f, 0, 0
313, 0x79a0E19c6410284598AFf270fCef21cb7827E61E, 0, 0
314, 0x5FAbCa0984fDaa6E71Ad4d5a5A1eF1cE660ED9d9, 0, 0
315, 0x9FBF300056e85B4B285e0b679D75A73805A5AE14, 0, 0
316, 0x05dD49D5E79DacEA849790c8857F9dbd8E16e82c, 249.35298356537882, 0.3559553064229241
317, 0x9FBF300056e85B4B285e0b679D75A73805A5AE14, 270, 0.4723460557283698
318, 0x8a67BA51407E92da1faE93950EFD5d43617500d0, 127.96011591946667, 0.26942205915257417
319, 0x5224f2ffd737C8561DdA49a546d26662B1AAD7B5, 0, 0
320, 0x4b6DF47F6F5069580188984C8BedB189Af286d5A, 0, 0
321, 0x41ddA06F10eA5334DeAeae4676Be87E9a35F4beb, 0, 0
322, 0x8D9E9D0e3641CcE211BCf0139511Ee4d2e534bAd, 0, 0
323, 0x5b181E9E67C4F09F5d0229A458dB6B0C07F6184e, 0.5, 754.3434201433
324, 0xD131F1BcDd547e067Af447dD3C36C99d6be9FdEB, 0, 0
325, 0x64f961EeC2ba222DCba8Fa354F03e27529b96F5B, 0, 7.93894754e-9
326, 0x303F2d38AB911296DEcA9dC19968a854d9cBCAdC, 0, 0
327, 0x090CF42e1203EfaC9116f4812900C14FB9628ACa, 0, 0
328, 0x587919F5f5904641EEb0a46b02AF9182252f27F4, 0, 0
329, 0x3214e141bdAe08Be1f382A885cf3d2a448A5E780, 0, 0
330, 0x97B342386B4291d22F5BF573715BDC23D38B173F, 0, 0
331, 0xfdA906BD24EB4d7fd31030F692b797cc681306c9, 3734.829862790899, 20
332, 0x64E4748AC493C5C157f2CAa6952c37d86980Bb23, 1211.3099802496774, 1.5787407735310226
333, 0x77f07Ab7B444C7C9FCfAfc76c053A810cD6203CB, 0, 0
334, 0x65B44fe08fa5b85dE1f705EE3B00d6a78C44a488, 0, 0
335, 0xF2B823dC98496034E519Aae945cF451daD2dC557, 0, 0
336, 0xF2B823dC98496034E519Aae945cF451daD2dC557, 0, 0
337, 0x2593038427c47B16b4F9Aa0997c2555EaBc26b39, 0, 0
338, 0xF2B823dC98496034E519Aae945cF451daD2dC557, 0, 0
339, 0x2593038427c47B16b4F9Aa0997c2555EaBc26b39, 0, 0
340, 0xF2B823dC98496034E519Aae945cF451daD2dC557, 0, 0
341, 0xa45479CE5A4DA5D7FF72D3B231aDf7CF2F464F9a, 0, 0
342, 0xF2B823dC98496034E519Aae945cF451daD2dC557, 723, 1.3125198449627635
343, 0x658608458a84E426E34AE1a8BB83a9Eb9075e950, 22.5, 0.05966500984499071
344, 0x6ee45D8120Ee70271cE01935867d1F7FE488B63D, 0, 0
345, 0x15ba9D87aCe05ADF00d4B8fF17B3472d0A4052B0, 0, 0
346, 0x3Ec91062448b9a8A7b76AeBFC4F4CD1f0149eDEB, 0, 0.568655918782295
347, 0xED3dB70381c81E349d55f14bf0A333cB140f948D, 45.09978393950456, 0.06692209095381275
348, 0xb3Bb91C89D5CFFa88926d0FF7c51b705a0702FFC, 0, 0
349, 0xCd96e1165fafdae463713a5a788Cc32f22Dd663b, 0, 0
350, 0xa6f6C5E905a57FE973f7ebeeD4cbAD00847499b3, 800.098542737415, 2.4402338386279
351, 0x5c31c22e869a8cEFd046200dCAd261d55fc16ADA, 0, 0
352, 0xC258D51D09bBfB9d99365E95D16D197a78469128, 1500, 1.8695211309403708
353, 0x73f13990070D5dd94c8E4Ea9562f2d617d0487D7, 0, 0
354, 0x5461C09d7b61E4beFFCd782DC333f102ed7F6e24, 0, 0
355, 0x8513Ea9A657ef7055dA861D0e4625C57573aF197, 0, 0
356, 0x3e9B05E0A96Bc2d01a3B48F123b3A3a7F87B11c9, 0, 0
357, 0x3626fDf19e0921523a5f62187ccDeaD53F2CFbe0, 0, 0.1222407450674592
358, 0xE7B4d4b35A0F2045c6e77bfdd94B99Fb0Be961B0, 304712.4633088608, 550.4066185907136
359, 0xA8470d7e5052F64f87db7E5D40ca660cfe339531, 0, 0
360, 0x13F54C374a08137f542482358E2E9677c3Eedce3, 0, 0
361, 0x54C20F77C5e19dCd8cC5Ef959bC9cc6C374fD07F, 0, 0
362, 0x23F3E6F1E807D193B6DBACABB08f3453E3a52a6D, 0, 2.0337850358504475
363, 0x758424D0F3E9bfB56f4596b4592A0677A7ad14a6, 0, 0
364, 0xF1B47DE0678b01c5A41B7FeCEb22fe16D94c88C0, 150, 0.2733878022466025
365, 0xccB1E57aacB8E87FE9bBB07648aBd3387d01E1c1, 638.4939643541956, 0.991819094781664
366, 0xBeFc47462C95Ab50fDa14FeF76C94469712DbAE5, 0.8234889478856999, 16.528914109870655
367, 0x2e5F476141531d3794F203a9258eCc92CB179feE, 100, 0.1732319
368, 0x86c7e05B935eC835610531Ae5c716e081FABc828, 0, 0
369, 0x586553c51C92E5625fdAFA54adF6c1a43b7c87D7, 650, 1.3073423170945333
370, 0xC02b8f81106830cE6BE7869de60f92fe340B8E8A, 0, 0
371, 0x5A4cCcdA8F782cd5B48f5a9Edc32f6D282acA6D1, 27.1018, 0.8503272354910533
372, 0xbc65dbFdDB3C57552Ba801B67d5EAeD52FD077B7, 0, 0
373, 0xbc65dbFdDB3C57552Ba801B67d5EAeD52FD077B7, 0, 0
374, 0x4bddd757d18AAe32546EB88d81596126D46DC27c, 0, 0.1741568003534867
375, 0x603A2531b6BAb9666C77042B1dA1639c9C5D1c33, 2000.9093254117954, 2.91093033968078
376, 0x12389f7A1A5d2A7f8E176c7a734Ee5328AB4b948, 0, 0.005714643887911113
377, 0xf1e2fd9FEE154F175910244c82C7b63E7CfC3753, 0, 0
378, 0x34b087d4eF901D6A2691bBCa1522636a95649826, 0.013620430149709008, 0.6383582127449924
379, 0x9bB48659fA1Fc8C5415b55e53b7f7355Bba61DA0, 0, 0.38774268390205496
380, 0x0dd7FE601593947f54d084F1Fd2892064044E6D8, 0, 0
381, 0xDcC6D6b0c1D580f592481F6f3f49AAE96C91FdeB, 0, 0
382, 0xbfcb86D0b918d0Ba3cDb6fADE478e0AAa9D53c1b, 9000, 13.144987065408802
383, 0xe5Ae5AAc9A19Ec43aBdd161e95640A1cc12aE348, 3000, 4.547320097788325
384, 0xA5ecC068db75fFb36d157625b08E747895A03d18, 1000, 1.91
385, 0x27ceeb99790362b64c21205Cee10E75B43B79AfB, 0, 0.3878000832729008
386, 0x76dA4555460FE492a3eda315EBd34390a3004eE0, 0, 0
387, 0x2930285a7435bB9fb5DBF9dA7b9cF60dEe2FD2e9, 24999.999999999996, 51.3018579483839
388, 0x07DbaEb4B8ee9E272774138FC076c539AD402F5b, 7430.665245911428, 12
389, 0xF981a33484E26Cab32963AA37618c4440Abf67cf, 2105.5, 2.5812884894587396
390, 0xf43ed2D56345E3101789aa6Dd50232A2b3FA922A, 0, 0
391, 0xA4c63A2E8D0556dDB36C6544625284c663642387, 0, 0.11947643083096086
392, 0xA4c63A2E8D0556dDB36C6544625284c663642387, 0, 0
393, 0x4cC1471967B1a9F5D2F88ae11d15C14Ba72BeB6e, 160.00040637304582, 0.2609283383938525
394, 0x91fbc48A6991dA7959232C0662e27899b65f76db, 0, 0
395, 0x424C9B6C9CB59cD1aF4aF04eD4F9eeF6B9D55294, 0, 0
396, 0xA95216b2b9b9aC3A236306D8A9D00f8f5F619956, 0, 0
397, 0xe64757d213bA264D511a85CC9B53A24CC9e10859, 15.105636103751781, 0.018989825118009673
398, 0xCbe312a3B41A42e7445Ac68aDef05C3e1a26cD13, 0, 0
399, 0x31A4C53BE2356b09220D348508B97Ed9b26a6c30, 140, 0.24057295990103678
400, 0x9188284bCEc11E95635117D7Cac191AdFfB3b3C6, 0, 0
401, 0xD95Fb45a7F31C812c5035C47c1bc79A3f52c384D, 0, 0
402, 0x91831208EF824bbB986996312F2F0D92Cca7bb90, 350, 0.6282130203810267
403, 0xBF080A15E9137E50dB836B5643D1c691E77Ad373, 0, 0
404, 0x432FCd67815D5cC72808A7815a02373FDEE7d740, 19164, 26.25808861326316
405, 0x1F4B0dc1CBe84A2F4C357ecE2cB313F33F0fdF25, 0, 0
406, 0x21adED2A66953188009a1529D91803F2F31587b6, 132.6222500906259, 0.2891560195435719
407, 0xDeE45f774FA311199c5900e7C99A609E27EdCd4E, 0, 0
408, 0x43aB5eA299CC1a7880f3c0E6bd30492176e4920a, 0, 0
409, 0x137E164BeB3C77c402ef45a356Fc7DBf80B16011, 0, 0
410, 0x1e671FC879D5F2B7C6105Bc7366d332d6552F637, 13661.948917718018, 16.793364774914455
411, 0x61D6B0A3898A635194166CC6DCAF7405a0d8F51d, 105, 0.16698209249927695
412, 0x171C1CF42C8e11589381f5E4846FFE4E2c7f6D95, 0, 0
413, 0x0AE57350662045c32B34f3b1E70C36E4EF1502E2, 350, 0.4684791011098351
414, 0x8386b7E45A351A6F67E1E0448f781Abd4fF0fd3b, 0, 0
415, 0x4C28B7a52Cf9B44b7f775a0660fB09C41694EE7b, 3000, 5.2649465870882075
416, 0x4Bf1fBC233Cd6109c35a4cd9D34540173Af3234c, 0, 0
417, 0x37aCA63C698e1FAa9620218625F729815091a590, 67.0191074772904, 0.11114797252913419
418, 0x79a0E19c6410284598AFf270fCef21cb7827E61E, 0, 0
419, 0xdceb0Bb3311342e3ce9e49f57aFfCE9dEac40bA1, 0, 0
420, 0xF0c6072cE25D5cadF364Cb4e687F9CF14466E94c, 0, 0
421, 0xbb46dA9D14Ee7aEaddd8EE7Cb2a6E7f83a85B0DC, 0, 0
422, 0xb888f9f40F6007C06681306bba976F5e25691E1b, 0, 0
423, 0xCdF46720BdF30D6bd0912162677c865d4344B0CA, 1217231.0466994136, 1644.6063350003853
424, 0x3c2414Cc813954b3E3EDE8BFdB866c1d3ee67d06, 0, 0.45006179821606207
425, 0xb8ea728B91B638a90d5514bC0B6509e7301962AE, 0, 0
426, 0x8189CA95335AF50A0c9490547186008a6d7747dA, 3100, 3.1176820552824442
427, 0xD3f93512CF897ce554679B26e1CB9DAc36626Cdd, 14913, 17.39524752959129
428, 0xbf45f0776b8e6DD09c02976339e3EECfABbf89da, 650, 0.8836282433529794
429, 0xafCF8A3475083514e3c4801BCa1C9671b2678220, 634.5426874470353, 0.866305262649885
430, 0x4cb108E67346E22047DdC43E1DBDB73F20Fe5574, 238.48467005038756, 0.4034748988676521
431, 0x28E9D047E87C6a7982437f8A4fFB7B69D0A8ba0A, 1500, 2.5
432, 0x1BcA3E8C3E0B452C0D03D6F1Fa58f500fC3C66F6, 0, 0
433, 0x4b8ac13e9997a9bB88c895020cB52AE297D5d745, 400, 0.6788715948901335
434, 0xce1BD1577E3A98397FB65febfA085d26E2E1f9C7, 0, 0
435, 0x56C162b34fD0BbB33Ce1aa56a1dECc2b6F58C228, 1750, 2.255353023987164
436, 0xc0b620112431Fb2a2838A8Ae4851dE2505aA0E00, 3000, 5.121653532523447
437, 0x8D9EA09C1087c75FAa39151557De6a30c2A49e7e, 0, 0
438, 0x28B9fE6fD835193FE5a758Df307614B155E4da56, 0, 0
439, 0x5751A4548842e307d221C1d53e11971C8D643e1a, 402, 0.5780995757293681
440, 0x3f5Bb9C4b56F9CDAB149CC9E6380e8ed50dB0854, 2189.869403319904, 4.372951780886977
441, 0xBEdc944c73DB568D8f394ba6F3d5D22e725A46d5, 647.5087641482955, 1.2324083898158014
442, 0x6dcAB4d155CFfa74E65056fdC94164732D611E85, 0, 0
443, 0x4cC72219fc8aEF162FC0c255D9B9C3Ff93B10882, 10200.101799341583, 28.826538509275366
444, 0x6A5F44D24DCa8417DB339203d9E07D23321F030B, 0, 0
445, 0x986fCC6B0D290308aD6F6A0e8471F74f53dec06a, 0, 0.19200124461404017
446, 0x737c1f4D16ec0e6e92Ac6d4B6135e1aD43eb9AAC, 0, 0.000001845027256083
447, 0xaF7A5b8f6AcF4fb2170b5d632B22d6e265ca6838, 161, 0.235436628642279
448, 0xA4c63A2E8D0556dDB36C6544625284c663642387, 0, 0
449, 0x1b51A36bB32bA6303e76aac15ef2058d362a59f9, 0, 0
450, 0x0d40C5983aa862D979BE2A3a803255043Ce17740, 0, 0.11643163562797369
451, 0x3c6DfB5D608c4849d289d81d8bfcCBD48d86d0a8, 0, 0
452, 0x64655594102EE22d40E34c8916A1197dC494c31d, 2.6679519246512036, 0.5852004971860638
453, 0xf1FCeD5B0475a935b49B95786aDBDA2d40794D2d, 0, 0.07020471295602643
454, 0xbde0EE0e7F34CF1bC9AeaD0f01d4D84a7f4E475e, 0, 0
455, 0xbCbad7e8c196ed9C17959AF49964f9bEE9D9C1Ae, 0, 0.16508760288195728
456, 0x59c780472a04b88f14E0c46A00829540Ba8BF260, 0, 0
457, 0xa93242f0074ca8a20E4de93E69189fa4596263F2, 0, 0.33099204614841554
458, 0xB711f182d3E607096A4Dc5960A7c09B1A9697D36, 0, 0.07853583717156123
459, 0xE8f4Db2D3476b3EE198CC1d32651cD9d082eFF89, 0, 0
460, 0x79603115Df2Ba00659ADC63192325CF104ca529C, 0, 0.3637743727952597
461, 0x1C494f1919C1512ebE74a5dCc17DAC9A64069023, 0, 0
462, 0x790c7fcF04fD34Cf05f462755aA0b149F82A07ef, 100, 0.4705335098543071
463, 0x7579F7113CE18AD1815738f39297Aa5DC22c70f3, 0, 0
464, 0x84aCb4278360AB4A09dF2f963A14724f51098518, 0, 0
465, 0xA64a287F973700388C631378067Ab8F01618514d, 0, 0
466, 0x7Fe4D3F9A56444A7A779d691B1C1c2421c0C9AaB, 0, 0
467, 0x274Dd29F062e74B2d09beE8562c68A21d7C09263, 0, 0.9116672995518972
468, 0x8c904FacfcC37c5c9d09f014e4b657342524F1e4, 0, 0.18331740113088907
469, 0x932f500A964cB1b63e22E1f29c1Af4736676cB68, 0, 0.19618830199803647
470, 0x932f500A964cB1b63e22E1f29c1Af4736676cB68, 0, 0
471, 0x932f500A964cB1b63e22E1f29c1Af4736676cB68, 0, 0
472, 0xBa4074Ca3e68095D9A490008fCb68E9ab205636A, 0, 6.664924893966653
473, 0xF594Ff31aD2bc73324039A8D5EF0b07ad6105DdA, 0, 0
474, 0x8f431E9Dd3aB0705d8e3132Ad260d20Dc1Df4FE7, 0, 0.07225017106789311
475, 0x670fbD72155b2aE2e5336C82dC62C8b22eD4BA09, 0, 0.022081855490356826
476, 0x6bC9Bd392aFDCD63922480221994251287Bb0334, 0, 0
477, 0x06Ad12D2fC88ca0893Ee61874BF5F6A9b265D674, 0, 0
478, 0xC55D1ce5943CE2d7CB91309B03882F800E20f6bc, 0, 8e-18
479, 0x991333C1644254E42f7AAe84079ee70740674c62, 0, 0.644215824566814
480, 0x830aD77c26c5E0fDBCD353Ac338Ec08053C1c02C, 0, 0
481, 0xd1D373a6DE19f0f8113aa3C677DDB4dA4F529D45, 0, 0
482, 0x07F19FEFF5Ee8d3e7C9973D3c9d1760bEE106845, 0, 0
483, 0xBe1D7136dc7da1a6C01Fb8a8732C0a8095380494, 0, 0
484, 0xDd77a81910f4513524bdA1394A3dE2237E4288e1, 0, 0
485, 0xDd77a81910f4513524bdA1394A3dE2237E4288e1, 0, 0
486, 0x8B6E7c1a343EFd9c7D1E9E06cdae24d5A664DEF3, 0, 0
487, 0xB62fd57014b893FAB6D15175c6f23B98B3CBc372, 0, 0
488, 0x8760cdF42C6907bEf15aD6a5bA561562f3F8DAC8, 0, 0
489, 0x075eb5d8795bFb2Ac2745B4183b1626b0570F12f, 0, 0
490, 0x5a6F97C60745FA3BAfB00ab45dD4055d7b8fdb1B, 0, 0
491, 0x6908de602Bf5B69e9B46227957891ED0cEB59Af5, 0, 0
492, 0x8b72116f3c6c62a29569E89c0ed00cA70caAd47F, 0, 11.289945442133789
493, 0xADbF0889468dc6b9b74eb60bCFC4Cc51dBC528B5, 0, 0.10241171334006906
494, 0x587755F6dFbdEB17306C839e9a845b6BC3C267Ca, 0, 0
